System;name;L;a;b;R;G;B;hex
Pantone;100C;93;-8;50;243;237;134;#F3ED86
Pantone;101C;92;-9;66;245;236;98;#F5EC62
Pantone;102C;91;-7;100;250;230;0;#FAE600
Pantone;103C;71;0;91;202;173;0;#CAAD00
Pantone;104C;62;-1;74;172;150;0;#AC9600
Pantone;105C;48;-1;49;129;114;20;#817214
Pantone;106C;91;-6;65;246;231;97;#F6E761
Pantone;107C;90;-4;81;250;226;47;#FAE22F
Pantone;108C;88;0;95;254;219;0;#FEDB00
Pantone;109C;86;5;100;255;209;0;#FFD100
Pantone;110C;73;7;94;219;174;0;#DBAE00
Pantone;111C;61;4;75;175;143;0;#AF8F00
Pantone;112C;55;2;62;153;128;0;#998000
Pantone;113C;90;-2;67;250;225;90;#FAE15A
Pantone;114C;89;-2;70;250;224;81;#FAE051
Pantone;115C;89;-1;72;251;222;74;#FBDE4A
Pantone;116C;85;7;93;255;206;0;#FFCE00
Pantone;117C;68;10;83;206;157;0;#CE9D00
Pantone;118C;60;8;73;179;138;0;#B38A00
Pantone;119C;50;1;49;138;118;26;#8A761A
Pantone;120C;89;0;53;249;223;121;#F9DF79
Pantone;1205C;90;0;31;243;226;167;#F3E2A7
Pantone;121C;89;2;57;251;219;110;#FBDB6E
Pantone;1215C;89;1;40;245;221;146;#F5DD92
Pantone;122C;87;5;68;253;212;79;#FDD44F
Pantone;1225C;84;11;69;253;199;69;#FDC745
Pantone;123C;84;12;79;255;199;38;#FFC726
Pantone;1235C;79;22;85;255;179;0;#FFB300
Pantone;124C;75;16;85;235;171;0;#EBAB00
Pantone;1245C;64;13;69;198;146;0;#C69200
Pantone;125C;61;12;72;187;137;0;#BB8900
Pantone;1255C;56;10;59;170;128;14;#AA800E
Pantone;126C;55;8;60;161;124;0;#A17C00
Pantone;1265C;46;7;46;131;101;20;#836514
Pantone;127C;89;-3;46;239;223;133;#EFDF85
Pantone;128C;86;0;61;242;214;94;#F2D65E
Pantone;129C;84;3;69;241;205;68;#F1CD44
Pantone;130C;75;18;86;241;171;0;#F1AB00
Pantone;131C;65;19;80;212;145;0;#D49100
Pantone;132C;55;11;64;166;122;0;#A67A00
Pantone;133C;39;5;41;133;89;19;#715913
Pantone;134C;87;5;45;248;213;131;#F8D583
Pantone;1345C;86;10;39;251;207;141;#FBCF8D
Pantone;135C;84;12;61;254;200;90;#FEC85A
Pantone;1355C;84;13;45;253;200;125;#FDC87D
Pantone;136C;81;18;71;255;188;58;#FFBC3A
Pantone;1365C;80;21;60;255;183;84;#FFB754
Pantone;137C;75;32;87;255;159;0;#FF9F00
Pantone;1375C;74;35;81;255;154;0;#FF9A00
Pantone;138C;64;35;83;228;127;0;#E47F00
Pantone;1385C;60;34;74;214;117;0;#D67500
Pantone;139C;54;23;68;182;113;0;#B67100
Pantone;1395C;47;21;53;158;96;9;#9E6209
Pantone;140C;40;11;43;122;86;15;#7A560F
Pantone;1405C;34;13;36;108;71;19;#6C4713
Pantone;141C;83;6;53;239;200;104;#EFC868
Pantone;142C;79;12;64;241;187;70;#F1BB46
Pantone;143C;75;19;72;239;170;35;#EFAA23
Pantone;144C;65;38;79;237;128;0;#ED8000
Pantone;145C;59;31;71;207;118;0;#CF7600
Pantone;146C;47;22;56;159;96;0;#9F6000
Pantone;147C;39;6;35;113;88;33;#715821
Pantone;148C;86;11;31;251;208;157;#FBD09D
Pantone;1485C;81;26;42;255;181;123;#FFB57B
Pantone;149C;84;15;39;254;198;136;#FEC688
Pantone;1495C;74;41;65;255;150;59;#FF963B
Pantone;150C;77;29;59;255;169;79;#FFA94F
Pantone;1505C;67;56;90;255;114;0;#FF7200
Pantone;151C;66;53;86;255;115;0;#FF7300
Pantone;152C;61;44;77;231;111;0;#E76F00
Pantone;1525C;50;48;73;202;78;0;#CA4E00
Pantone;153C;53;33;63;192;102;0;#C06600
Pantone;1535C;38;34;53;147;63;0;#933F00
Pantone;154C;44;26;50;153;84;9;#995409
Pantone;1545C;21;19;26;81;38;11;#51260B
Pantone;155C;87;4;22;236;214;175;#ECD6AF
Pantone;1555C;83;21;25;255;191;160;#FFBFA0
Pantone;156C;81;12;34;239;193;138;#EFC18A
Pantone;1565C;78;31;37;255;169;125;#FFA97D
Pantone;157C;71;27;52;237;155;79;#ED9B4F
Pantone;1575C;70;46;58;255;134;66;#FF8642
Pantone;158C;60;47;66;233;107;16;#E96B10
Pantone;1585C;64;57;74;255;105;0;#FF6900
Pantone;159C;53;45;61;205;88;6;#CD5806
Pantone;1595C;55;48;64;218;92;5;#DA5C05
Pantone;160C;44;33;48;162;78;18;#A24E12
Pantone;1605C;43;35;47;162;74;19;#A24A13
Pantone;161C;27;18;27;97;53;23;#613517
Pantone;1615C;35;30;40;133;60;16;#853C10
Pantone;162C;84;19;21;253;195;170;#FDC3AA
Pantone;1625C;76;35;28;255;162;139;#FFA28B
Pantone;163C;75;37;40;255;156;113;#FF9C71
Pantone;1635C;72;44;37;255;142;112;#FF8E70
Pantone;164C;69;50;56;255;126;67;#FF7E43
Pantone;1645C;65;57;56;255;108;59;#FF6C3B
Pantone;165C;63;61;75;255;95;0;#FF5F00
Pantone;1655C;60;65;72;255;82;0;#FF5200
Pantone;166C;56;56;70;229;83;0;#E55300
Pantone;1665C;54;60;67;229;72;0;#E54800
Pantone;167C;49;44;56;194;81;15;#C2510F
Pantone;1675C;41;44;48;168;60;15;#A83C0F
Pantone;168C;29;27;31;111;48;20;#6F3014
Pantone;1685C;34;34;37;134;53;20;#863514
Pantone;169C;81;27;14;255;182;177;#FFB6B1
Pantone;170C;71;47;30;255;137;123;#FF897B
Pantone;171C;64;62;52;255;97;65;#FF6141
Pantone;172C;58;68;70;253;71;3;#FD4703
Pantone;173C;51;57;56;216;69;25;#D84519
Pantone;174C;37;42;41;154;52;22;#9A3416
Pantone;175C;29;27;24;112;50;34;#703222
Pantone;176C;79;33;7;255;172;185;#FFACB9
Pantone;1765C;75;39;6;254;157;176;#FE9DB0
Pantone;1767C;79;30;2;250;175;194;#FAAFC2
Pantone;177C;70;52;19;255;129;140;#FF818C
Pantone;1775C;70;49;11;255;133;154;#FF859A
Pantone;1777C;64;60;16;251;101;129;#FB6581
Pantone;178C;63;65;34;255;91;96;#FF5B60
Pantone;1785C;58;69;31;249;69;91;#F9455B
Pantone;1787C;58;70;28;249;66;95;#F9425F
Pantone;1788C;53;74;47;240;34;51;#F02233
Pantone;179C;52;65;51;226;56;40;#E23828
Pantone;1795C;47;68;45;216;31;42;#D81F2A
Pantone;1797C;46;65;38;208;36;51;#D02433
Pantone;180C;45;55;40;192;54;44;#C0362C
Pantone;1805C;40;56;34;176;35;42;#B0232A
Pantone;1807C;37;50;27;161;40;48;#A12830
Pantone;181C;29;36;25;121;39;32;#792720
Pantone;1815C;28;41;30;124;33;30;#7C211E
Pantone;1817C;24;26;12;94;39;40;#5E2728
Pantone;182C;81;26;0;248;184;203;#F8B8CB
Pantone;183C;72;45;5;252;141;169;#FC8DA9
Pantone;184C;62;62;15;248;93;129;#F85D7E
Pantone;185C;50;76;42;234;4;55;#EA0437
Pantone;186C;45;69;37;210;16;52;#D21034
Pantone;187C;40;59;28;179;27;52;#B31B34
Pantone;188C;29;40;15;124;34;48;#7C2230
Pantone;189C;76;36;-1;248;161;190;#F8A1BE
Pantone;1895C;82;23;-4;243;188;212;#F3BCD4
Pantone;190C;67;53;4;248;119;158;#F8779E
Pantone;1905C;74;38;-3;245;155;189;#F59BBD
Pantone;191C;56;70;15;242;63;114;#F23F72
Pantone;1915C;60;64;5;242;85;138;#F2558A
Pantone;192C;50;76;31;233;6;73;#E90649
Pantone;1925C;49;76;25;228;0;80;#E40050
Pantone;193C;42;66;26;195;12;62;#C30C3E
Pantone;1935C;44;69;23;203;4;71;#CB0447
Pantone;194C;35;52;16;156;30;61;#9C1E3D
Pantone;1945C;37;59;18;170;17;63;#AA113F
Pantone;1955C;33;51;13;147;23;59;#93173B
Pantone;196C;84;15;-1;235;198;211;#EBC6D3
Pantone;197C;73;33;1;235;155;178;#EB9BB2
Pantone;198C;56;61;15;228;77;11;#E44D6F
Pantone;199C;47;72;32;219;12;65;#DB0C41
Pantone;200C;42;66;31;193;4;53;#C10435
Pantone;201C;35;53;22;158;27;52;#9E1B34
Pantone;202C;31;45;16;137;32;52;#892034
Pantone;203C;77;27;-7;235;173;205;#EBADCD
Pantone;204C;65;47;-6;232;123;172;#E87BAC
Pantone;205C;55;65;1;227;69;133;#E34585
Pantone;206C;45;75;22;215;0;77;#D7004D
Pantone;207C;38;63;17;177;0;66;#B10042
Pantone;208C;33;48;6;144;33;71;#902147
Pantone;209C;29;37;3;117;38;65;#752641
Pantone;210C;76;39;-8;250;159;204;#FA9FCC
Pantone;211C;69;53;-8;249;125;184;#F97DB8
Pantone;212C;59;68;-5;243;78;154;#F34E9A
Pantone;213C;51;76;4;230;21;119;#E61577
Pantone;214C;45;72;7;208;0;99;#D00063
Pantone;215C;38;60;5;170;16;84;#AA1054
Pantone;216C;28;42;2;122;29;66;#7A1D42
Pantone;217C;81;22;-10;236;187;221;#ECBBDD
Pantone;218C;64;54;-16;232;111;184;#E86FB8
Pantone;219C;51;74;-8;224;33;138;#E0218A
Pantone;220C;37;66;3;174;0;85;#AE0055
Pantone;221C;32;58;2;150;0;75;#96004B
Pantone;222C;25;39;-2;108;25;63;#6C193F
Pantone;223C;73;43;-16;242;147;209;#F293D1
Pantone;224C;64;59;-19;239;106;191;#EF6ABF
Pantone;225C;53;76;-17;229;35;157;#E5239D
Pantone;226C;45;80;-5;214;0;119;#D60077
Pantone;227C;36;68;-4;174;0;95;#AE005F
Pantone;228C;30;53;-6;138;7;83;#8A0753
Pantone;229C;25;37;-5;106;29;68;#6A1D44
Pantone;230C;78;36;-14;247;167;219;#F7A7DB
Pantone;231C;67;57;-20;245;117;201;#F575C9
Pantone;232C;58;73;-20;239;64;176;#EF40B0
Pantone;233C;44;75;-14;201;0;129;#C90081
Pantone;234C;36;63;-12;166;0;107;#A6006B
Pantone;235C;30;53;-9;137;8;87;#890857
Pantone;236C;79;30;-14;242;176;223;#F2B0DF
Pantone;2365C;84;20;-10;239;195;228;#EFC3E4
Pantone;237C;69;48;-22;238;134;211;#EE86D3
Pantone;2375C;64;54;-28;226;112;205;#E270CD
Pantone;238C;59;65;-25;230;83;188;#E653BC
Pantone;2385C;52;71;-31;215;51;180;#D733B4
Pantone;239C;53;73;-26;224;50;175;#E032AF
Pantone;2395C;42;79;-30;196;0;152;#C40098
Pantone;240C;46;69;-25;196;30;153;#C41E99
Pantone;2405C;36;70;-28;167;0;132;#A70084
Pantone;241C;39;65;-22;172;4;129;#AC0481
Pantone;2415C;33;64;-25;151;0;118;#970076
Pantone;242C;29;45;-12;122;26;87;#7A1A57
Pantone;2425C;28;55;-20;130;0;99;#820063
Pantone;243C;80;24;-16;232;183;229;#E8B7E5
Pantone;244C;75;33;-21;230;162;224;#E6A2E0
Pantone;245C;67;46;-28;223;129;214;#DF81D6
Pantone;246C;46;74;-36;199;11;172;#C70BAC
Pantone;247C;41;71;-36;183;0;157;#B3009D
Pantone;248C;36;63;-31;158;3;137;#9E0389
Pantone;249C;30;44;-19;123;34;102;#7B2266
Pantone;250C;82;18;-14;227;192;230;#E3C0E6
Pantone;251C;72;32;-26;217;156;225;#D99CE1
Pantone;252C;58;52;-38;202;101;209;#CA65D1
Pantone;253C;42;66;-46;169;27;176;#A91BB0
Pantone;254C;38;57;-39;150;35;153;#962399
Pantone;255C;29;40;-25;112;38;108;#70266C
Pantone;256C;80;14;-13;217;191;224;#D9BFE0
Pantone;2562C;73;24;-26;207;165;228;#CFA5E4
Pantone;2563C;70;24;-24;199;157;216;#C79DD8
Pantone;2567C;68;22;-28;187;153;218;#BB99DA
Pantone;257C;72;21;-19;203;164;212;#CBA4D4
Pantone;2572C;64;35;-36;192;132;220;#C084DC
Pantone;2573C;59;33;-32;178;121;200;#B279C8
Pantone;2577C;57;30;-38;162;118;204;#A276CC
Pantone;258C;43;41;-33;146;73;158;#92499E
Pantone;2582C;48;51;-50;162;76;200;#A24CC8
Pantone;2583C;46;43;-40;153;80;178;#9950B2
Pantone;2587C;42;41;-49;131;72;181;#8348B5
Pantone;259C;27;44;-32;108;27;114;#6C1B72
Pantone;2592C;37;62;-55;144;22;178;#9016B2
Pantone;2593C;35;48;-43;126;43;151;#7E2B97
Pantone;2597C;24;50;-55;89;5;141;#59058D
Pantone;260C;24;37;-25;95;29;95;#5F1D5F
Pantone;2602C;31;57;-48;125;9;150;#7D0996
Pantone;2603C;27;46;-41;104;23;127;#68177F
Pantone;2607C;20;46;-50;79;2;124;#4F027C
Pantone;261C;23;33;-20;89;30;85;#591E55
Pantone;2612C;27;45;-37;106;26;122;#6A1A7A
Pantone;2613C;25;43;-37;97;23;116;#611774
Pantone;2617C;19;41;-44;75;11;113;#4B0B71
Pantone;262C;21;26;-14;79;34;72;#4F2248
Pantone;2622C;24;30;-21;87;36;88;#572458
Pantone;2623C;22;37;-30;88;25;99;#581963
Pantone;2627C;17;34;-36;67;18;95;#43125F
Pantone;263C;84;9;-14;216;203;235;#D8CBEB
Pantone;2635C;74;14;-25;191;175;228;#BFAFE4
Pantone;264C;72;17;-29;188;168;230;#BCA8E6
Pantone;2645C;65;20;-35;170;148;222;#AA94DE
Pantone;265C;51;34;-51;141;101;210;#8D65D2
Pantone;2655C;55;28;-46;145;115;211;#9173D3
Pantone;266C;35;46;-64;103;50;186;#6732BA
Pantone;2665C;44;37;-56;122;82;199;#7A52C7
Pantone;267C;25;41;-55;79;31;145;#4F1F91
Pantone;268C;23;35;-46;74;33;126;#4A217E
Pantone;2685C;14;48;-61;59;0;132;#3B0084
Pantone;269C;22;25;-31;69;38;99;#452663
Pantone;2695C;17;24;-32;59;29;89;#381D59
Pantone;270C;72;8;-24;173;172;220;#ADACDC
Pantone;2705C;67;12;-33;162;159;224;#A29FE0
Pantone;2706C;82;2;-16;196;203;234;#C4CBEA
Pantone;2707C;83;-2;-17;186;208;238;#BDD0EE
Pantone;2708C;79;-1;-21;177;197;234;#B1C5EA
Pantone;271C;62;13;-34;148;144;210;#9490D2
Pantone;2715C;57;18;-45;133;128;216;#8580D8
Pantone;2716C;67;7;-35;148;161;226;#94A1E2
Pantone;2717C;76;-2;-26;161;189;234;#A1BDEA
Pantone;2718C;53;7;-52;84;126;217;#547ED9
Pantone;272C;52;17;-41;121;115;194;#7973C2
Pantone;2725C;42;29;-60;94;83;199;#5E53C7
Pantone;2726C;40;23;-63;69;85;199;#4555C7
Pantone;2727C;50;6;-58;56;120;219;#3878DB
Pantone;2728C;33;20;-69;0;71;190;#0047BE
Pantone;273C;16;32;-55;37;23;122;#25177A
Pantone;2735C;14;54;-74;40;0;146;#280092
Pantone;2736C;24;40;-75;30;34;174;#1E22AE
Pantone;2738C;18;41;-75;0;18;157;#00129D
Pantone;274C;13;28;-47;33;18;101;#211265
Pantone;2745C;12;43;-62;34;0;122;#22007A
Pantone;2746C;20;36;-67;26;28;150;#1A1C96
Pantone;2747C;17;20;-57;0;35;126;#00237E
Pantone;2748C;15;26;-58;0;26;123;#001A7B
Pantone;275C;11;24;-41;29;17;87;#1D1157
Pantone;2755C;10;37;-55;27;0;105;#1B0069
Pantone;2756C;16;23;-50;21;29;113;#151D71
Pantone;2757C;14;13;-45;0;32;101;#002065
Pantone;2758C;14;18;-48;0;29;104;#001D68
Pantone;276C;13;14;-25;36;26;68;#241A44
Pantone;2765C;9;26;-42;27;12;85;#1B0C55
Pantone;2766C;13;14;-36;21;28;85;#151C55
Pantone;2767C;13;2;-25;11;35;69;#0B2345
Pantone;2768C;12;9;-35;3;30;81;#031E51
Pantone;277C;79;-4;-22;169;199;236;A9C7EC
Pantone;278C;72;-4;-31;140;180;232;#8CB4E8
Pantone;279C;56;-2;-50;65;137;221;#4189DD
Pantone;280C;17;16;-57;0;38;127;#00267F
Pantone;281C;15;10;-46;0;37;105;#002569
Pantone;282C;12;3;-33;0;32;78;#00204E
Pantone;283C;75;-7;-27;147;191;235;#93BFEB
Pantone;284C;67;-8;-37;108;171;231;#6CABE7
Pantone;285C;48;-3;-58;0;119;212;#0077D4
Pantone;286C;25;21;-73;0;53;173;#0035AD
Pantone;287C;24;12;-62;0;53;152;#003798
Pantone;288C;20;9;-54;0;48;130;#003082
Pantone;289C;13;-1;-30;0;35;76;#00234C
Pantone;290C;85;-6;-13;190;217;373;#BED9ED
Pantone;2905C;78;-12;-23;146;201;235;#92C9EB
Pantone;291C;80;-9;-20;164;206;236;#A4CEEC
Pantone;2915C;70;-15;-34;98;180;232;#62B4E8
Pantone;292C;69;-12;-34;106;178;231;#6AB2E7
Pantone;2925C;56;-16;-49;0;146;221;#0092DD
Pantone;293C;30;9;-70;0;71;182;#0047B6
Pantone;2935C;36;-2;-67;0;91;195;#005BC3
Pantone;294C;21;2;-51;0;53;128;#003580
Pantone;2945C;32;-7;-56;0;83;165;#0053A5
Pantone;295C;17;-2;-39;0;45;98;#002D62
Pantone;2955C;22;-9;-39;0;59;111;#003B6F
Pantone;296C;14;-8;-21;0;39;64;#002740
Pantone;2965C;18;-10;-26;0;49;81;#003151
Pantone;297C;76;-18;-26;120;199;235;#78C7EB
Pantone;2975C;84;-14;-15;165;217;236;#A5D9EC
Pantone;298C;69;-21;-35;66;180;230;#42B4E6
Pantone;2985C;71;-25;-32;64;189;232;#40BDE8
Pantone;299C;60;-24;-46;0;160;226;#00A0E2
Pantone;2995C;60;-30;-46;0;162;225;#00A2E1
Pantone;300C;40;-13;-63;0;103;198;#0067C6
Pantone;3005C;44;-23;-60;0;118;204;#0076CC
Pantone;301C;31;-13;-52;0;82;155;#00529B
Pantone;3015C;36;-23;-48;0;96;161;#0060A1
Pantone;302C;25;-17;-34;0;67;110;#00436E
Pantone;3025C;27;-22;-31;0;73;110;#00496E
Pantone;303C;18;-15;-22;0;52;77;#00344D
Pantone;3035C;21;-19;-20;0;58;79;#003A4F
Pantone;304C;84;-16;-14;162;219;235;#A2DBEB
Pantone;305C;76;-27;-27;83;202;235;#53CAEB
Pantone;306C;67;-35;-38;0;181;230;#00B5E6
Pantone;307C;41;-31;-50;0;112;178;#0070B2
Pantone;308C;32;-29;-36;0;88;131;#005883
Pantone;309C;20;-20;-16;0;57;71;#003947
Pantone;310C;78;-27;-21;102;207;230;#66CFE6
Pantone;3105C;79;-27;-18;111;210;228;#6FD2E4
Pantone;311C;71;-35;-29;0;194;227;#00C2E3
Pantone;3115C;72;-36;-24;0;196;220;#00C4DC
Pantone;312C;60;-45;-39;0;167;212;#00A7D4
Pantone;3125C;62;-47;-32;0;174;206;#00AECE
Pantone;313C;52;-46;-44;0;146;199;#0092C7
Pantone;3135C;51;-53;-38;0;146;189;#0092BA
Pantone;314C;45;-43;-39;0;127;172;#007FAC
Pantone;3145C;43;-46;-30;0;122;151;#007A97
Pantone;315C;36;-38;-30;0;102;133;#006685
Pantone;3155C;36;-41;-25;0;102;124;#00667C
Pantone;316C;25;-25;-14;0;70;80;#004650
Pantone;3165C;28;-33;-18;0;79;93;#004F5D
Pantone;317C;88;-12;-7;191;229;234;#BFE5EA
Pantone;318C;83;-23;-13;142;219;229;#8EDBE5
Pantone;319C;75;-36;-19;54;204;218;#36CCDA
Pantone;320C;53;-61;-28;0;15;172;#0097AC
Pantone;321C;45;-55;-25;0;129;147;#008193
Pantone;322C;39;-46;-19;0;111;122;#006F7A
Pantone;323C;35;-37;-15;0;96;104;#006068
Pantone;324C;82;-21;-8;152;217;219;#98D9DB
Pantone;3242C;81;-31;-9;117;217;216;#75D9D8
Pantone;3245C;82;-31;-7;123;221;216;#7BDDD8
Pantone;3248C;78;-29;-4;123;210;200;#7BD2C8
Pantone;325C;73;-36;-11;71;199;199;#47C7C7
Pantone;3252C;77;-39;-12;65;210;210;#41D2D2
Pantone;3255C;77;-43;-8;50;212;203;#32D4CB
Pantone;3258C;72;-39;-4;67;196;183;#43C4B7
Pantone;326C;63;-51;-13;0;175;173;#00AFAD
Pantone;3262C;66;-58;-15;0;186;185;#00BAB9
Pantone;3265C;69;-59;-9;0;194;182;#00C2B6
Pantone;3268C;60;-58;-3;0;169;148;#00A994
Pantone;327C;45;-69;-9;0;133;121;#008579
Pantone;3272C;55;-71;-15;0;161;156;#00A19C
Pantone;3275C;61;-71;-7;0;176;157;#00B09D
Pantone;3278C;53;-68;1;0;153;122;#00997A
Pantone;328C;39;-58;-8;0;113;104;#007168
Pantone;3282C;46;-58;-12;0;132;128;#008480
Pantone;3285C;52;-59;-6;0;147;132;#009384
Pantone;3288C;44;-61;1;0;126;100;#007E64
Pantone;329C;34;-51;-7;0;98;90;#00625A
Pantone;3292C;32;-40;-6;0;90;83;#005A53
Pantone;3295C;44;-51;-5;0;124;111;#007C6F
Pantone;3298C;36;-48;1;0;103;82;#006752
Pantone;330C;30;-30;-5;0;82;77;#00524D
Pantone;3302C;24;-27;-3;0;66;60;#00423C
Pantone;3305C;27;-12;-1;0;74;65;#004A41
Pantone;3308C;24;-26;1;0;66;54;#004236
Pantone;331C;88;-19;-2;178;231;223;#B2E7DF
Pantone;332C;86;-24;-3;159;228;219;#9FE4DB
Pantone;333C;79;-44;-3;67;217;199;#43D9C7
Pantone;334C;53;-69;2;0;152;120;#009878
Pantone;335C;44;-51;1;0;123;99;#007B63
Pantone;336C;36;-41;2;0;102;81;#006651
Pantone;337C;82;-25;1;148;216;200;#94D8C8
Pantone;3375C;83;-34;3;129;224;199;#81E0C7
Pantone;338C;78;-32;1;118;209;189;#76D1BD
Pantone;3385C;77;-48;6;59;214;178;#3BD6B2
Pantone;339C;63;-56;6;0;176;139;#00B08B
Pantone;3395C;69;-67;12;0;197;144;#00C590
Pantone;340C;51;-73;13;0;148;96;#009460
Pantone;3405C;60;-81;20;0;174;104;#00AE68
Pantone;341C;42;-54;7;0;120;86;#007856
Pantone;3415C;42;-54;13;0;119;75;#00774B
Pantone;342C;38;-44;6;0;106;78;#006A4E
Pantone;3425C;36;-42;10;0;102;68;#006644
Pantone;343C;30;-31;5;0;83;62;#00533E
Pantone;3435C;25;-28;7;0;71;49;#004731
Pantone;344C;84;-23;8;166;222;193;#A6DEC1
Pantone;345C;80;-31;11;137;213;175;#89D5AF
Pantone;346C;74;-41;15;94;201;152;#5EC998
Pantone;347C;51;-74;29;0;149;67;#009543
Pantone;348C;44;-63;25;0;126;58;#007E3A
Pantone;349C;35;-43;18;0;98;51;#006233
Pantone;350C;26;-22;11;24;71;44;#18472C
Pantone;351C;86;-26;10;167;230;196;#A7E6C4
Pantone;352C;83;-36;15;135;224;176;#87E0B0
Pantone;353C;80;-44;18;106;220;162;#6ADCA2
Pantone;354C;58;-82;42;0;171;57;#00AB39
Pantone;355C;51;-72;38;0;149;48;#009530
Pantone;356C;40;-54;29;0;114;41;#007229
Pantone;357C;28;-27;15;15;77;42;#0F4D2A
Pantone;358C;82;-28;30;165;219;146;#A5DB92
Pantone;359C;81;-30;32;159;217;139;#9FD98B
Pantone;360C;69;-49;49;85;190;71;#55BE47
Pantone;361C;62;-57;52;18;173;43;#12AD2B
Pantone;362C;55;-48;46;40;151;40;#289728
Pantone;363C;50;-42;42;47;137;39;#2F8927
Pantone;364C;42;-33;35;49;112;35;#317023
Pantone;365C;88;-17;30;204;229;162;#CCE5A2
Pantone;366C;85;-23;37;188;225;141;#BCE18D
Pantone;367C;81;-31;49;164;216;103;#A4D867
Pantone;368C;69;-47;64;98;189;25;#62BD19
Pantone;369C;61;-45;61;79;166;0;#4FA600
Pantone;370C;52;-34;51;79;138;16;#4F8A10
Pantone;371C;38;-17;34;74;96;28;#4A601C
Pantone;372C;90;-15;33;215;233;161;#D7E9A1
Pantone;373C;89;-21;45;205;233;133;#CDE985
Pantone;374C;86;-29;59;186;229;95;#BAE55F
Pantone;375C;77;-44;81;135;211;0;#87D300
Pantone;376C;69;-40;75;118;185;0;#76B900
Pantone;377C;55;-28;61;103;144;0;#679000
Pantone;378C;36;-13;37;77;90;18;#4D5A12
Pantone;379C;89;-15;57;221;229;108;#DDE56C
Pantone;380C;86;-19;73;211;225;60;#D3E13C
Pantone;381C;84;-22;82;200;219;0;#C8DB00
Pantone;382C;80;-25;88;182;211;0;#B9D300
Pantone;383C;67;-17;77;159;170;0;#9FAA00
Pantone;384C;58;-13;68;139;144;0;#8B9000
Pantone;385C;44;-6;45;110;106;18;#6E6A12
Pantone;386C;90;-13;58;229;233;110;#E5E96E
Pantone;387C;89;-17;76;222;230;58;#DEE63A
Pantone;388C;87;-20;90;215;227;0;#D7E300
Pantone;389C;84;-24;98;198;219;0;#C6DB00
Pantone;390C;73;-18;90;178;188;0;#B2BC00
Pantone;391C;59;-10;71;149;146;0;#959200
Pantone;392C;50;-6;58;127;120;0;#7F7800
Pantone;393C;92;-9;45;237;235;143;#EDEB8F
Pantone;3935C;92;-9;55;240;235;122;#F0EB7A
Pantone;394C;90;-13;76;233;231;63;#E9E73F
Pantone;3945C;90;-11;90;239;230;0;#EFE600
Pantone;395C;88;-15;93;228;228;0;#E4E400
Pantone;3955C;88;-11;103;236;225;0;#ECE100
Pantone;396C;86;-16;102;221;223;0;#DDDF00
Pantone;3965C;87;-10;107;233;220;0;#E9DC00
Pantone;397C;73;-11;92;190;184;0;#BEB800
Pantone;3975C;69;-4;85;187;168;0;#BBA800
Pantone;398C;65;-8;83;171;162;0;#ABA200
Pantone;3985C;57;-2;68;155;137;0;#9B8900
Pantone;399C;58;-5;72;153;141;0;#998D00
Pantone;3995C;39;0;44;106;91;7;#6A5B07
Pantone;400C;81;1;3;205;201;196;#CDC9C4
Pantone;401C;75;1;4;189;184;177;#BDB8B1
Pantone;402C;68;2;5;173;165;157;#ADA59D
Pantone;403C;60;2;6;152;143;134;#988F86
Pantone;404C;49;2;7;124;115;105;#7C7369
Pantone;405C;39;3;7;100;90;80;#645A50
Pantone;406C;80;2;2;202;196;194;#CAC4C2
Pantone;408C;64;4;3;165;153;151;#A59997
Pantone;409C;57;5;4;148;134;131;#948683
Pantone;410C;47;5;4;123;110;106;#7B6E6A
Pantone;411C;36;6;5;98;82;72;#62524E
Pantone;412C;19;5;5;55;43;39;#372B27
Pantone;413C;81;-1;3;200;201;195;#C8C9C3
Pantone;414C;74;-1;3;181;182;176;#B5B6B0
Pantone;415C;65;-1;4;157;157;150;#9D9D96
Pantone;416C;56;-2;5;135;136;127;#87887F
Pantone;417C;47;-2;6;110;111;100;#6E6F64
Pantone;418C;38;-2;6;90;91;81;#5A5B51
Pantone;419C;13;-2;3;31;33;28;#1F211C
Pantone;420C;82;0;0;204;204;204;#CCCCCC
Pantone;421C;76;0;-1;186;187;188;#BABBBC
Pantone;422C;69;0;-1;169;170;171;#A9AAAB
Pantone;423C;61;0;-1;147;148;149;#939495
Pantone;424C;51;-1;-2;118;122;125;#767A7D
Pantone;425C;38;-1;-2;86;89;92;#56595C
Pantone;426C;14;-1;-1;33;36;36;#212424
Pantone;427C;58;-1;-2;210;214;217;#D2D6D9
Pantone;428C;80;-1;-3;195;200;205;#C3C8CD
Pantone;429C;71;-1;-4;168;173;180;#A8ADB4
Pantone;430C;59;-2;-6;134;143;152;#868F98
Pantone;431C;44;-2;-7;97;106;116;#616A74
Pantone;432C;31;-2;-8;65;75;86;#414B56
Pantone;433C;16;-2;-6;33;41;48;#212930
Pantone;434C;82;4;-1;211;201;206;#D3C9CE
Pantone;435C;77;6;-1;200;186;192;#C8BAC0
Pantone;436C;70;7;-1;183;166;173;#B7A6AD
Pantone;437C;49;10;0;132;110;116;#846E74
Pantone;438C;28;9;3;81;62;62;#513E3E
Pantone;439C;24;7;3;68;53;53;#443535
Pantone;440C;20;5;3;57;46;44;#392E2C
Pantone;441C;84;-2;-2;203;209;212;#CBD1D4
Pantone;442C;76;-3;-3;179;188;192;#B3BCC0
Pantone;443C;66;-3;-3;153;163;166;#99A3A6
Pantone;444C;55;-3;-4;123;133;138;#7B858A
Pantone;445C;36;-2;-3;79;85;89;#4F5559
Pantone;446C;27;-2;-1;61;66;66;#3D4242
Pantone;447C;22;-2;2;50;53;50;#323532
Pantone;448C;27;1;16;71;62;38;#473E26
Pantone;4485C;32;6;31;93;71;24;#5D4718
Pantone;449C;29;1;20;77;67;37;#4D4325
Pantone;4495C;47;3;39;131;110;44;#836E2C
Pantone;450C;31;0;22;81;72;38;#514826
Pantone;4505C;58;1;37;155;137;72;#9B8948
Pantone;451C;64;-3;21;159;155;116;#9F9B74
Pantone;4515C;68;0;30;181;165;112;#B5A570
Pantone;452C;72;-3;17;181;178;146;#B5B292
Pantone;4525C;76;-1;24;197;186;142;#C5BA8E
Pantone;453C;79;-2;13;200;197;172;#C8C5AC
Pantone;4535C;82;-1;18;212;204;170;#D4CCAA
Pantone;454C;84;-2;10;213;211;191;#D5D3BF
Pantone;4545C;87;-1;12;222;217;194;#DED9C2
Pantone;455C;36;2;37;101;84;21;#655415
Pantone;456C;54;2;57;151;127;9;#977F09
Pantone;457C;62;4;68;178;146;0;#B29200
Pantone;458C;81;-3;51;219;202;103;#DBCA67
Pantone;459C;84;-4;44;223;210;124;#DFD27C
Pantone;460C;87;-4;35;229;219;151;#E5DB97
Pantone;461C;90;-4;23;231;227;181;#E7E3B5
Pantone;462C;29;8;21;86;63;35;#563F23
Pantone;4625C;20;18;20;78;38;20;#4E2614
Pantone;463C;35;13;30;109;73;33;#6D4921
Pantone;4635C;44;20;32;144;90;51;#905A33
Pantone;464C;42;16;37;133;87;35;#855723
Pantone;4645C;58;17;27;177;127;92;#B17F5C
Pantone;465C;66;6;30;185;156;107;#B99C6B
Pantone;4655C;65;14;22;192;148;119;#C09477
Pantone;466C;74;4;25;202;179;136;#CAB388
Pantone;4665C;74;11;17;209;174;151;#D1AE97
Pantone;467C;80;2;20;213;196;161;#D5C4A1
Pantone;4675C;80;8;13;221;194;176;#DDC2B0
Pantone;468C;85;1;14;224;212;187;#E0D4BB
Pantone;4685C;85;5;9;228;210;197;#E4D2C5
Pantone;469C;27;19;26;97;52;24;#613418
Pantone;4695C;22;20;14;83;40;33;#532821
Pantone;470C;42;31;43;155;77;27;#9B4D1B
Pantone;4705C;38;21;18;127;76;62;#7F4C3E
Pantone;471C;48;39;53;183;83;18;#B75312
Pantone;4715C;51;17;16;155;110;95;#9B6E5F
Pantone;472C;70;25;37;228;153;105;#E49969
Pantone;4725C;62;13;13;178;141;127;#B28D7F
Pantone;473C;79;16;25;237;185;150;#EDB996
Pantone;4735C;72;9;9;197;170;160;#C5AAA0
Pantone;474C;83;12;20;238;197;169;#EEC5A9
Pantone;4745C;79;7;7;212;190;182;#D4BEB6
Pantone;475C;86;9;15;240;208;187;#F0D0BB
Pantone;4755C;84;5;5;221;205;199;#DDCDC7
Pantone;476C;24;14;13;81;49;39;#513127
Pantone;477C;25;21;17;94;47;36;#5E2F24
Pantone;478C;31;26;21;114;54;41;#723629
Pantone;479C;58;16;18;173;128;108;#AD806C
Pantone;480C;72;10;12;200;169;154;#C8A99A
Pantone;481C;78;7;10;213;189;176;#D5BDB0
Pantone;482C;84;4;7;221;206;196;#DDCEC4
Pantone;483C;27;27;21;106;46;34;#6A2E22
Pantone;484C;37;47;36;159;45;32;#9F2D20
Pantone;485C;49;68;52;220;36;31;#DC241F
Pantone;486C;70;33;23;236;147;132;#EC9384
Pantone;487C;76;23;17;236;171;157;#ECAB9D
Pantone;488C;80;17;13;236;187;175;#ECBBAF
Pantone;489C;85;10;9;235;205;195;#EBCDC3
Pantone;490C;23;24;10;90;39;42;#5A272A
Pantone;491C;29;34;16;119;43;47;#772B2F
Pantone;492C;36;40;18;145;53;59;#91353B
Pantone;494C;75;26;2;231;167;182;#E7A7B6
Pantone;495C;80;21;1;237;184;197;#EDB8C5
Pantone;496C;83;17;1;239;196;206;#EFC4CE
Pantone;497C;22;17;9;78;42;40;#4E2A28
Pantone;4975C;17;19;8;68;30;31;#441E1F
Pantone;498C;28;24;14;104;50;46;#68322E
Pantone;4985C;39;26;8;133;74;80;#854A50
Pantone;499C;32;27;18;118;57;49;#763931
Pantone;4995C;51;24;5;161;105;113;#A16971
Pantone;500C;63;27;5;200;134;145;#C88691
Pantone;5005C;60;21;4;183;132;140;#B7848C
Pantone;501C;75;20;2;222;172;183;#DEACB7
Pantone;5015C;73;16;2;209;169;176;#D1A9B0
Pantone;502C;81;15;1;229;191;199;#E5BFC7
Pantone;5025C;79;12;2;219;188;193;#DBBCC1
Pantone;503C;85;11;1;233;204;210;#E9CCD2
Pantone;5035C;84;9;1;227;203;208;#E3CBD0
Pantone;504C;20;23;5;78;32;41;#4E2029
Pantone;505C;27;34;6;110;38;57;#6E2639
Pantone;506C;31;38;6;126;43;66;#7E2B42
Pantone;507C;66;30;-2;211;141;166;#D38DA6
Pantone;508C;76;23;-2;226;171;191;#E2ABBF
Pantone;509C;80;19;-2;231;185;202;#E7B9CA
Pantone;510C;82;16;-2;233;194;209;#E9C2D1
Pantone;511C;25;32;-12;96;36;78;#60244E
Pantone;5115C;21;21;-8;75;37;62;#4B253E
Pantone;512C;31;46;-24;126;34;113;#7E2271
Pantone;5125C;35;25;-12;112;65;101;#704165
Pantone;513C;38;54;-33;149;40;143;#95288F
Pantone;5135C;45;22;-12;136;94;128;#885E80
Pantone;514C;65;38;-22;211;133;200;#D385C8
Pantone;5145C;57;18;-10;161;126;154;#A17E9A
Pantone;515C;75;28;-16;223;165;214;#DFA5D6
Pantone;5155C;71;13;-8;192;166;189;#C0A6BD
Pantone;516C;80;21;-12;231;186;223;#E7BADF
Pantone;5165C;81;8;-5;214;197;211;#D6C5D3
Pantone;517C;85;15;-8;235;202;227;#EBCAE3
Pantone;5175C;86;5;-3;225;213;222;#E0D5DE
Pantone;518C;22;19;-11;75;42;70;#4B2A46
Pantone;5185C;21;16;-6;69;41;59;#45293B
Pantone;519C;26;27;-21;90;45;95;#5A2D5F
Pantone;5195C;29;19;-7;94;58;81;#5E3A51
Pantone;520C;30;34;-28;104;47;115;#682F73
Pantone;5205C;48;17;-6;139;104;125;#8B687D
Pantone;521C;61;23;-22;173;133;186;#AD85BA
Pantone;5215C;65;13;-5;177;149;166;#B195A6
Pantone;522C;69;18;-18;189;158;202;#BD9ECA
Pantone;5225C;74;10;-4;198;176;190;#C6B0BE
Pantone;523C;76;14;-14;203;178;213;#CBB2D5
Pantone;5235C;81;7;-3;212;196;206;#D4C4CE
Pantone;524C;84;8;-9;218;204;225;#DACCE1
Pantone;5245C;86;5;-2;223;212;219;#DFD4DB
Pantone;525C;23;27;-23;81;38;90;#51265A
Pantone;5255C;17;11;-23;42;37;75;#2A254B
Pantone;526C;27;41;-41;97;32;127;#61207F
Pantone;5265C;27;12;-25;67;59;103;#433B67
Pantone;527C;31;50;-54;110;32;160;#6E20A0
Pantone;5275C;37;10;-24;87;82;126;#57527E
Pantone;528C;57;33;-39;167;116;205;#A774CD
Pantone;5285C;55;7;-18;133;129;164;#8581A4
Pantone;529C;72;21;-26;198;164;225;#C6A4E1
Pantone;5295C;69;5;-13;170;167;193;#AAA7C1
Pantone;530C;76;18;-21;207;177;227;#CFB1E3
Pantone;5305C;78;4;-9;193;190;209;#C1BED1
Pantone;531C;82;12;-15;215;196;231;#D7C4E7
Pantone;5315C;85;2;-6;212;212;224;#D4D4E0
Pantone;532C;17;1;-10;38;42;57;#262A39
Pantone;533C;21;3;-23;37;51;85;#253355
Pantone;534C;27;4;-31;41;63;111;#293F6F
Pantone;535C;66;1;-19;149;161;195;#95A1C3
Pantone;536C;72;0;-16;164;177;205;#A4B1CD
Pantone;537C;80;0;-11;189;198;218;#BDC6DA
Pantone;538C;86;0;-7;210;215;228;#D2D7E4
Pantone;539C;15;-8;-23;0;42;70;#002A46
Pantone;5395C;13;-6;-17;2;37;58;#02253A
Pantone;540C;17;-6;-35;0;47;93;#002F5D
Pantone;5405C;40;-8;-19;62;100;126;#3E647E
Pantone;541C;23;-6;-44;0;60;121;#003C79
Pantone;5415C;49;-7;-18;88;121;147;#587993
Pantone;542C;60;-10;-32;89;152;201;#5998C9
Pantone;5425C;61;-6;-15;124;152;174;#7C98AE
Pantone;543C;73;-7;-22;147;185;220;#93B9DC
Pantone;5435C;74;-4;-11;165;184;201;#A5B8C9
Pantone;544C;80;-5;-16;177;203;229;#B1CBE5
Pantone;5445C;80;-3;-8;188;202;214;#BCCAD6
Pantone;545C;84;-4;-12;191;211;230;#BFD3E6
Pantone;5455C;85;-2;-6;204;214;224;#CCD6E0
Pantone;546C;19;-14;-13;0;52;64;#003440
Pantone;5463C;13;-14;-10;0;40;48;#002830
Pantone;5467C;20;-12;-2;24;53;51;#183533
Pantone;547C;22;-20;-19;0;62;81;#003E51
Pantone;5473C;37;-23;-14;0;98;110;#00626E
Pantone;5477C;36;-12;-3;60;91;89;#3C5B59
Pantone;548C;23;-23;-23;0;65;89;#004159
Pantone;5483C;55;-19;-12;79;141;151;#4F8D97
Pantone;5487C;50;-10;-3;98;125;124;#627D7C
Pantone;549C;59;-15;-20;91;151;177;#5B97B1
Pantone;5493C;68;-14;-9;129;173;181;#81ADB5
Pantone;5497C;64;-7;-2;141;160;159;#8DA09F
Pantone;550C;69;-11;-16;133;176;198;#85B0C6
Pantone;5503C;76;-11;-7;161;195;201;#A1C3C9
Pantone;5507C;74;-5;-2;170;184;185;#AAB8B9
Pantone;551C;76;-9;-13;159;193;211;#9FC1D3
Pantone;5513C;84;-7;-5;190;213;217;#BED5D9
Pantone;5517C;81;-4;-2;191;203;204;#BFCBCC
Pantone;552C;82;-6;-9;185;208;220;#B9D0DC
Pantone;5523C;87;-5;-3;207;222;225;#CFDEE1
Pantone;5527C;84;-3;-1;204;212;212;#CCD4D4
Pantone;553C;25;-16;6;33;66;50;#214232
Pantone;5535C;22;-14;2;27;57;48;#1B3930
Pantone;554C;36;-25;7;36;96;74;#24604A
Pantone;5545C;43;-15;2;74;109;98;#4A6D62
Pantone;555C;39;-31;8;19;105;78;#13694E
Pantone;5555C;56;-13;2;110;141;130;#6E8D82
Pantone;556C;63;-19;5;116;161;142;#74A18E
Pantone;5565C;67;-10;1;143;168;160;#8FA8A0
Pantone;557C;73;-14;3;152;186;172;#98BAAC
Pantone;5575C;75;-8;1;169;189;182;#A9BDB6
Pantone;558C;78;-11;2;172;199;189;#ACC7BD
Pantone;5585C;82;-6;0;192;207;203;#C0CFCB
Pantone;559C;83;-8;1;192;212;205;#C0D4CD
Pantone;5595C;87;-4;0;211;222;219;#D3DEDB
Pantone;560C;27;-16;1;34;72;63;#22483F
Pantone;5605C;18;-12;4;25;48;37;#193025
Pantone;561C;37;-26;-2;15;98;89;#0F6259
Pantone;5615C;45;-11;6;90;112;96;#5A7060
Pantone;562C;44;-31;-5;0;119;112;#007770
Pantone;5625C;52;-10;5;108;128;114;#6C8072
Pantone;563C;70;-24;-5;114;184;180;#72B8B4
Pantone;5635C;67;-7;4;151;166;155;#97A69B
Pantone;564C;78;-18;-4;152;204;201;#98CCC9
Pantone;5645C;75;-5;2;177;188;181;#B1BCB5
Pantone;565C;85;-12;-3;185;220;218;#B9DCDA
Pantone;5655C;79;-4;2;189;197;191;#BDC5BF
Pantone;566C;89;-8;-2;205;227;226;#CDE3E2
Pantone;5665C;84;-3;2;205;211;205;#CDD3CD
Pantone;567C;26;-18;1;24;69;59;#18453B
Pantone;569C;48;-41;-4;0;132;120;#008478
Pantone;570C;75;-27;-4;118;193;190;#76C6BE
Pantone;571C;82;-20;-3;157;214;207;#9DD6CF
Pantone;572C;85;-15;-3;180;222;219;#B4DEDB
Pantone;573C;87;-12;-2;193;226;222;#C1E2DE
Pantone;574C;31;-12;23;64;79;36;#404F24
Pantone;5743C;29;-9;20;62;71;35;#3E4723
Pantone;5747C;28;-8;27;64;70;22;#404616
Pantone;575C;45;-20;34;86;115;46;#56732E
Pantone;5753C;42;-9;24;94;102;57;#5E6639
Pantone;5757C;47;-9;37;111;115;45;#6F732D
Pantone;576C;55;-25;38;102;142;60;#668E3C
Pantone;5763C;48;-9;24;110;118;73;#6E7649
Pantone;5767C;59;-9;34;141;145;80;#8D9150
Pantone;577C;78;-15;25;178;200;145;#B2C891
Pantone;5773C;62;-7;20;147;152;113;#939871
Pantone;5777C;69;-8;28;167;171;116;#A7AB74
Pantone;578C;81;-13;22;189;208;160;#BDD0A0
Pantone;5783C;71;-6;16;173;178;145;#ADB291
Pantone;5787C;78;-6;21;193;196;154;#C1C49A
Pantone;579C;83;-11;20;197;213;169;#C5D5A9
Pantone;5793C;78;-5;12;189;194;169;#BDC2A9
Pantone;5797C;83;-5;15;206;209;179;#CED1B3
Pantone;580C;86;-9;15;207;221;187;#CFDDBB
Pantone;5803C;84;-4;9;206;210;191;#CED2BF
Pantone;5807C;87;-4;11;217;220;197;#D9DCC5
Pantone;581C;38;-4;39;96;90;18;#605A12
Pantone;5815C;29;-2;28;75;69;22;#4B4516
Pantone;582C;55;-9;60;136;134;0;#888600
Pantone;5825C;49;-4;39;125;118;47;#7D762F
Pantone;583C;71;-16;75;171;180;0;#ABB400
Pantone;5835C;62;-5;36;157;151;84;#9D9754
Pantone;584C;82;-15;63;203;211;76;#CBD34C
Pantone;5845C;68;-5;32;173;168;107;#ADA86B
Pantone;585C;85;-12;52;216;219;111;#D8DB6F
Pantone;5855C;78;-4;23;199;195;151;#C7C397
Pantone;586C;88;-11;42;221;225;138;#DDE18A
Pantone;5865C;83;-3;18;211;207;172;#D3CFAC
Pantone;587C;89;-9;34;226;229;157;#E2E59F
Pantone;5875C;85;-3;15;217;215;185;#D9D7B9
Pantone;600C;92;-5;26;238;235;182;#EEEBB6
Pantone;601C;92;-6;34;238;234;165;#EEEAA5
Pantone;602C;91;-7;45;238;232;141;#EEE88D
Pantone;603C;89;-8;64;237;226;94;#EDE25E
Pantone;604C;87;-8;82;234;219;27;#EADB1B
Pantone;605C;81;-5;99;224;202;0;#E0CA00
Pantone;606C;77;-2;98;216;189;0;#D8BD00
Pantone;607C;92;-4;19;235;233;195;#EBE9C3
Pantone;608C;91;-5;25;223;230;180;#E9E6B4
Pantone;609C;89;-6;36;231;226;154;#E7E29A
Pantone;610C;86;-7;51;226;217;115;#E2D973
Pantone;611C;81;-7;65;216;204;70;#D8CC46
Pantone;612C;73;-5;78;196;179;0;#C4B300
Pantone;613C;65;-2;77;179;157;0;#B39D00
Pantone;614C;89;-3;16;227;225;193;#E3E1C1
Pantone;615C;87;-4;21;221;219;177;#DDDBB1
Pantone;616C;84;-4;27;215;210;157;#D7D29D
Pantone;617C;78;-5;35;201;195;127;#C9C37F
Pantone;618C;69;-4;46;180;168;81;#B4A851
Pantone;619C;59;-3;52;156;142;42;#9C8E2A
Pantone;620C;51;-1;52;136;120;17;#887811
Pantone;621C;88;-5;0;210;223;220;#D2DFDC
Pantone;622C;82;-8;0;189;210;204;#BDD2CC
Pantone;623C;74;-12;1;158;188;179;#9EBCB3
Pantone;624C;63;-16;1;120;160;149;#78A095
Pantone;625C;51;-20;2;81;130;116;#518274
Pantone;626C;33;-22;3;31;86;71;#1F5647
Pantone;627C;15;-17;2;3;45;35;#032D23
Pantone;628C;88;-8;-6;200;226;232;#C8E2E8
Pantone;629C;84;-14;-11;170;218;229;#AADAE5
Pantone;630C;77;-20;-17;130;203;221;#82CBDD
Pantone;631C;69;-27;-23;72;184;210;#48B8D2
Pantone;632C;58;-34;-30;0;158;192;#009EC0
Pantone;633C;45;-37;-35;0;124;164;#007CA4
Pantone;634C;34;-33;-36;0;98;140;#00628C
Pantone;635C;85;-14;-12;173;221;235;#ADDDEB
Pantone;636C;81;-19;-18;141;212;233;#8DD4E9
Pantone;637C;75;-26;-25;91;200;231;#5BC8E7
Pantone;638C;66;-34;-35;0;178;222;#00B2DE
Pantone;639C;56;-38;-42;0;154;207;#009ACF
Pantone;640C;48;-37;-47;0;133;194;#0085C2
Pantone;641C;41;-32;-50;0;112;178;#0070B2
Pantone;642C;86;-2;-8;206;217;231;#CED9E7
Pantone;643C;84;-2;-10;197;210;227;#C5D2E3
Pantone;644C;71;-4;-19;151;177;208;#97B1D0
Pantone;645C;61;-5;-25;116;152;192;#7498C0
Pantone;646C;52;-5;-29;87;129;174;#5781AE
Pantone;647C;35;-5;-36;17;86;140;#11568C
Pantone;648C;17;1;-37;0;43;95;#002B5F
Pantone;649C;87;-1;-7;212;220;232;#D4DCE8
Pantone;650C;82;-1;-11;194;205;224;#C2CDE0
Pantone;651C;70;-2;-19;153;174;206;#99AECE
Pantone;652C;58;-2;-27;111;141;185;#6F8DB9
Pantone;653C;36;0;-37;42;86;143;#2A568F
Pantone;654C;20;3;-37;0;48;102;#003066
Pantone;655C;13;5;-34;0;34;82;#002252
Pantone;656C;88;-1;-9;212;221;237;#D4DDED
Pantone;657C;83;-2;-15;191;208;234;#BFD0EA
Pantone;658C;75;-2;-24;161;187;228;#A1BBE4
Pantone;659C;61;-1;-37;110;150;213;#6E96D5
Pantone;660C;45;2;-51;41;109;193;#296DC1
Pantone;661C;24;15;-60;0;53;150;#003596
Pantone;662C;16;21;-59;0;34;128;#002280
Pantone;663C;87;4;-6;222;216;230;#DED8E6
Pantone;664C;84;5;-7;215;208;224;#D7D0E0
Pantone;665C;77;7;-11;197;187;211;#C5BBD3
Pantone;666C;63;12;-17;163;146;183;#A392B7
Pantone;667C;46;17;-23;124;100;149;#7C6495
Pantone;668C;36;19;-26;98;74;126;#624A7E
Pantone;669C;23;20;-27;67;44;95;#432C5F
Pantone;670C;87;10;-5;234;212;228;#EAD4E4
Pantone;671C;82;17;-8;230;193;219;#E6C1DB
Pantone;672C;75;27;-12;225;167;207;#E1A7CF
Pantone;673C;67;37;-14;218;137;190;#DA89BE
Pantone;674C;57;49;-15;206;98;164;#CE62A4
Pantone;675C;43;60;-10;182;42;121;#B62A79
Pantone;676C;35;61;-2;163;0;89;#A30059
Pantone;677C;86;9;-4;229;209;223;#E5D1DF
Pantone;678C;84;11;-5;226;201;218;#E2C9DA
Pantone;679C;80;15;-7;222;189;212;#DEBDD4
Pantone;680C;68;24;-9;203;151;183;#CB97B7
Pantone;681C;57;32;-11;184;116;158;#B8749E
Pantone;682C;43;40;-10;156;72;120;#9C4878
Pantone;683C;30;42;-5;124;34;80;#7C2250
Pantone;684C;84;12;-4;229;202;217;#E5CAD9
Pantone;685C;80;16;-5;225;188;208;#E1BCD0
Pantone;686C;76;20;-6;219;174;198;#DBAEC6
Pantone;687C;64;29;-8;198;134;169;#C686A9
Pantone;688C;55;34;-9;180;107;147;#B46B93
Pantone;689C;40;40;-9;149;64;111;#95416F
Pantone;690C;27;36;-5;109;35;72;#6D2348
Pantone;691C;85;10;1;231;205;210;#E7CDD2
Pantone;692C;81;13;1;226;193;200;#E2C1C8
Pantone;693C;73;20;2;217;167;177;#D9A7B1
Pantone;694C;66;24;3;202;144;156;#CA909C
Pantone;695C;53;31;5;176;104;118;#B06876
Pantone;696C;40;35;8;148;69;84;#944554
Pantone;697C;33;35;12;129;51;61;#81333D
Pantone;698C;86;12;0;237;207;215;#EDCFD7
Pantone;699C;83;18;1;240;194;205;#F0C2CD
Pantone;700C;76;27;2;236;169;185;#ECA9B9
Pantone;701C;69;36;4;229;141;162;#E58DA2
Pantone;702C;57;47;9;213;100;124;#D5647C
Pantone;703C;45;53;19;186;57;78;#BA394E
Pantone;704C;37;51;27;162;38;48;#A22630
Pantone;705C;88;11;0;242;214;222;#F2D6DE
Pantone;706C;85;18;0;245;199;212;#F5C7D4
Pantone;707C;79;28;2;245;176;193;#F5B0C1
Pantone;708C;71;41;6;245;144;166;#F590A6
Pantone;709C;62;55;13;239;103;130;#EF6782
Pantone;710C;55;63;22;229;70;97;#E54661
Pantone;711C;47;65;36;211;41;57;#D32939
Pantone;712C;86;13;22;250;205;174;#FACDAE
Pantone;713C;83;17;29;251;195;153;#FBC399
Pantone;714C;79;24;40;253;177;121;#FDB179
Pantone;715C;72;34;55;249;150;74;#F9964A
Pantone;716C;65;42;70;241;124;14;#F17C0E
Pantone;717C;57;47;76;222;97;0;#DE6100
Pantone;718C;52;48;74;207;82;0;#CF5200
Pantone;719C;85;9;16;239;207;184;#EFCFB8
Pantone;720C;82;12;21;236;195;165;#ECC3A5
Pantone;721C;76;17;29;229;174;134;#E5AE86
Pantone;722C;66;23;40;213;143;89;#D58F59
Pantone;723C;56;28;49;192;114;47;#C0722F
Pantone;724C;42;31;53;154;75;0;#9A4B00
Pantone;725C;35;30;46;132;59;0;#843B00
Pantone;726C;85;7;13;232;206;187;#E8CEBB
Pantone;727C;80;10;18;225;190;164;#E1BEA4
Pantone;728C;73;13;24;213;170;136;#D5AA88
Pantone;729C;64;17;31;195;142;99;#C38E63
Pantone;730C;53;21;38;172;112;61;#AC703D
Pantone;731C;34;23;39;121;63;13;#793F0D
Pantone;732C;27;22;33;100;48;10;#64300A
Pantone;801C;61;-39;-40;0;167;216;#00A7D8
Pantone;802C;79;-58;60;91;221;69;#5BDD45
Pantone;803C;93;-2;-90;225;232;5;#FFE805
Pantone;804C;82;50;71;255;162;67;#FFA243
Pantone;805C;69;77;44;255;88;94;#FF585E
Pantone;806C;59;86;-15;255;28;172;#FF1CAC
Pantone;807C;49;78;-34;215;8;178;#D708B2
Pantone;808C;61;-61;-3;0;174;151;#00AE97
Pantone;809C;88;-16;88;225;228;0;#E1E400
Pantone;810C;88;19;88;225;206;9;#FFCE09
Pantone;811C;74;67;57;255;119;80;#FF7750
Pantone;812C;62;82;12;255;52;133;#FF3485
Pantone;813C;53;81;-26;234;18;175;#EA12AF
Pantone;814C;48;32;-54;126;96;206;#7E60CE
autocad;0;;;;;;;#000000
autocad;1;;;;;;;#ff0000
autocad;2;;;;;;;#ffff00
autocad;3;;;;;;;#00ff00
autocad;4;;;;;;;#00ffff
autocad;5;;;;;;;#0000ff
autocad;6;;;;;;;#ff00ff
autocad;7;;;;;;;#ffffff
autocad;8;;;;;;;#414141
autocad;9;;;;;;;#808080
autocad;10;;;;;;;#ff0000
autocad;11;;;;;;;#ffaaaa
autocad;12;;;;;;;#bd0000
autocad;13;;;;;;;#bd7e7e
autocad;14;;;;;;;#810000
autocad;15;;;;;;;#815656
autocad;16;;;;;;;#680000
autocad;17;;;;;;;#684545
autocad;18;;;;;;;#4f0000
autocad;19;;;;;;;#4f3535
autocad;20;;;;;;;#ff3f00
autocad;21;;;;;;;#ffbfaa
autocad;22;;;;;;;#bd2e00
autocad;23;;;;;;;#bd8d7e
autocad;24;;;;;;;#811f00
autocad;25;;;;;;;#816056
autocad;26;;;;;;;#681900
autocad;27;;;;;;;#684e45
autocad;28;;;;;;;#4f1300
autocad;29;;;;;;;#4f3b35
autocad;30;;;;;;;#ff7f00
autocad;31;;;;;;;#ffd4aa
autocad;32;;;;;;;#bd5e00
autocad;33;;;;;;;#bd9d7e
autocad;34;;;;;;;#814000
autocad;35;;;;;;;#816b56
autocad;36;;;;;;;#683400
autocad;37;;;;;;;#685645
autocad;38;;;;;;;#4f2700
autocad;39;;;;;;;#4f4235
autocad;40;;;;;;;#ffbf00
autocad;41;;;;;;;#ffeaaa
autocad;42;;;;;;;#bd8d00
autocad;43;;;;;;;#bdad7e
autocad;44;;;;;;;#816000
autocad;45;;;;;;;#817656
autocad;46;;;;;;;#684e00
autocad;47;;;;;;;#685f45
autocad;48;;;;;;;#4f3b00
autocad;49;;;;;;;#4f4935
autocad;50;;;;;;;#ffff00
autocad;51;;;;;;;#ffffaa
autocad;52;;;;;;;#bdbd00
autocad;53;;;;;;;#bdbd7e
autocad;54;;;;;;;#818100
autocad;55;;;;;;;#818156
autocad;56;;;;;;;#686800
autocad;57;;;;;;;#686845
autocad;58;;;;;;;#4f4f00
autocad;59;;;;;;;#4f4f35
autocad;60;;;;;;;#bfff00
autocad;61;;;;;;;#eaffaa
autocad;62;;;;;;;#8dbd00
autocad;63;;;;;;;#adbd7e
autocad;64;;;;;;;#608100
autocad;65;;;;;;;#768156
autocad;66;;;;;;;#4e6800
autocad;67;;;;;;;#5f6845
autocad;68;;;;;;;#3b4f00
autocad;69;;;;;;;#494f35
autocad;70;;;;;;;#7fff00
autocad;71;;;;;;;#d4ffaa
autocad;72;;;;;;;#5ebd00
autocad;73;;;;;;;#9dbd7e
autocad;74;;;;;;;#408100
autocad;75;;;;;;;#6b8156
autocad;76;;;;;;;#346800
autocad;77;;;;;;;#566845
autocad;78;;;;;;;#274f00
autocad;79;;;;;;;#424f35
autocad;80;;;;;;;#3fff00
autocad;81;;;;;;;#bfffaa
autocad;82;;;;;;;#2ebd00
autocad;83;;;;;;;#8dbd7e
autocad;84;;;;;;;#1f8100
autocad;85;;;;;;;#608156
autocad;86;;;;;;;#196800
autocad;87;;;;;;;#4e6845
autocad;88;;;;;;;#134f00
autocad;89;;;;;;;#3b4f35
autocad;90;;;;;;;#00ff00
autocad;91;;;;;;;#aaffaa
autocad;92;;;;;;;#00bd00
autocad;93;;;;;;;#7ebd7e
autocad;94;;;;;;;#008100
autocad;95;;;;;;;#568156
autocad;96;;;;;;;#006800
autocad;97;;;;;;;#456845
autocad;98;;;;;;;#004f00
autocad;99;;;;;;;#354f35
autocad;100;;;;;;;#00ff3f
autocad;101;;;;;;;#aaffbf
autocad;102;;;;;;;#00bd2e
autocad;103;;;;;;;#7ebd8d
autocad;104;;;;;;;#00811f
autocad;105;;;;;;;#568160
autocad;106;;;;;;;#006819
autocad;107;;;;;;;#45684e
autocad;108;;;;;;;#004f13
autocad;109;;;;;;;#354f3b
autocad;110;;;;;;;#00ff7f
autocad;111;;;;;;;#aaffd4
autocad;112;;;;;;;#00bd5e
autocad;113;;;;;;;#7ebd9d
autocad;114;;;;;;;#008140
autocad;115;;;;;;;#56816b
autocad;116;;;;;;;#006834
autocad;117;;;;;;;#456856
autocad;118;;;;;;;#004f27
autocad;119;;;;;;;#354f42
autocad;120;;;;;;;#00ffbf
autocad;121;;;;;;;#aaffea
autocad;122;;;;;;;#00bd8d
autocad;123;;;;;;;#7ebdad
autocad;124;;;;;;;#008160
autocad;125;;;;;;;#568176
autocad;126;;;;;;;#00684e
autocad;127;;;;;;;#45685f
autocad;128;;;;;;;#004f3b
autocad;129;;;;;;;#354f49
autocad;130;;;;;;;#00ffff
autocad;131;;;;;;;#aaffff
autocad;132;;;;;;;#00bdbd
autocad;133;;;;;;;#7ebdbd
autocad;134;;;;;;;#008181
autocad;135;;;;;;;#568181
autocad;136;;;;;;;#006868
autocad;137;;;;;;;#456868
autocad;138;;;;;;;#004f4f
autocad;139;;;;;;;#354f4f
autocad;140;;;;;;;#00bfff
autocad;141;;;;;;;#aaeaff
autocad;142;;;;;;;#008dbd
autocad;143;;;;;;;#7eadbd
autocad;144;;;;;;;#006081
autocad;145;;;;;;;#567681
autocad;146;;;;;;;#004e68
autocad;147;;;;;;;#455f68
autocad;148;;;;;;;#003b4f
autocad;149;;;;;;;#35494f
autocad;150;;;;;;;#007fff
autocad;151;;;;;;;#aad4ff
autocad;152;;;;;;;#005ebd
autocad;153;;;;;;;#7e9dbd
autocad;154;;;;;;;#004081
autocad;155;;;;;;;#566b81
autocad;156;;;;;;;#003468
autocad;157;;;;;;;#455668
autocad;158;;;;;;;#00274f
autocad;159;;;;;;;#35424f
autocad;160;;;;;;;#003fff
autocad;161;;;;;;;#aabfff
autocad;162;;;;;;;#002ebd
autocad;163;;;;;;;#7e8dbd
autocad;164;;;;;;;#001f81
autocad;165;;;;;;;#566081
autocad;166;;;;;;;#001968
autocad;167;;;;;;;#454e68
autocad;168;;;;;;;#00134f
autocad;169;;;;;;;#353b4f
autocad;170;;;;;;;#0000ff
autocad;171;;;;;;;#aaaaff
autocad;172;;;;;;;#0000bd
autocad;173;;;;;;;#7e7ebd
autocad;174;;;;;;;#000081
autocad;175;;;;;;;#565681
autocad;176;;;;;;;#000068
autocad;177;;;;;;;#454568
autocad;178;;;;;;;#00004f
autocad;179;;;;;;;#35354f
autocad;180;;;;;;;#3f00ff
autocad;181;;;;;;;#bfaaff
autocad;182;;;;;;;#2e00bd
autocad;183;;;;;;;#8d7ebd
autocad;184;;;;;;;#1f0081
autocad;185;;;;;;;#605681
autocad;186;;;;;;;#190068
autocad;187;;;;;;;#4e4568
autocad;188;;;;;;;#13004f
autocad;189;;;;;;;#3b354f
autocad;190;;;;;;;#7f00ff
autocad;191;;;;;;;#d4aaff
autocad;192;;;;;;;#5e00bd
autocad;193;;;;;;;#9d7ebd
autocad;194;;;;;;;#400081
autocad;195;;;;;;;#6b5681
autocad;196;;;;;;;#340068
autocad;197;;;;;;;#564568
autocad;198;;;;;;;#27004f
autocad;199;;;;;;;#42354f
autocad;200;;;;;;;#bf00ff
autocad;201;;;;;;;#eaaaff
autocad;202;;;;;;;#8d00bd
autocad;203;;;;;;;#ad7ebd
autocad;204;;;;;;;#600081
autocad;205;;;;;;;#765681
autocad;206;;;;;;;#4e0068
autocad;207;;;;;;;#5f4568
autocad;208;;;;;;;#3b004f
autocad;209;;;;;;;#49354f
autocad;210;;;;;;;#ff00ff
autocad;211;;;;;;;#ffaaff
autocad;212;;;;;;;#bd00bd
autocad;213;;;;;;;#bd7ebd
autocad;214;;;;;;;#810081
autocad;215;;;;;;;#815681
autocad;216;;;;;;;#680068
autocad;217;;;;;;;#684568
autocad;218;;;;;;;#4f004f
autocad;219;;;;;;;#4f354f
autocad;220;;;;;;;#ff00bf
autocad;221;;;;;;;#ffaaea
autocad;222;;;;;;;#bd008d
autocad;223;;;;;;;#bd7ead
autocad;224;;;;;;;#810060
autocad;225;;;;;;;#815676
autocad;226;;;;;;;#68004e
autocad;227;;;;;;;#68455f
autocad;228;;;;;;;#4f003b
autocad;229;;;;;;;#4f3549
autocad;230;;;;;;;#ff007f
autocad;231;;;;;;;#ffaad4
autocad;232;;;;;;;#bd005e
autocad;233;;;;;;;#bd7e9d
autocad;234;;;;;;;#810040
autocad;235;;;;;;;#81566b
autocad;236;;;;;;;#680034
autocad;237;;;;;;;#684556
autocad;238;;;;;;;#4f0027
autocad;239;;;;;;;#4f3542
autocad;240;;;;;;;#ff003f
autocad;241;;;;;;;#ffaabf
autocad;242;;;;;;;#bd002e
autocad;243;;;;;;;#bd7e8d
autocad;244;;;;;;;#81001f
autocad;245;;;;;;;#815660
autocad;246;;;;;;;#680019
autocad;247;;;;;;;#68454e
autocad;248;;;;;;;#4f0013
autocad;249;;;;;;;#4f353b
autocad;250;;;;;;;#333333
autocad;251;;;;;;;#505050
autocad;252;;;;;;;#696969
autocad;253;;;;;;;#828282
autocad;254;;;;;;;#bebebe
autocad;255;;;;;;;#ffffff
websafe;indigo;;;;;;;#4B0082
websafe;gold;;;;;;;#FFD700
websafe;hotpink;;;;;;;#FF69B4
websafe;firebrick;;;;;;;#B22222
websafe;indianred;;;;;;;#CD5C5C
websafe;yellow;;;;;;;#FFFF00
websafe;mistyrose;;;;;;;#FFE4E1
websafe;darkolivegreen;;;;;;;#556B2F
websafe;darkseagreen;;;;;;;#8FBC8F
websafe;pink;;;;;;;#FFC0CB
websafe;tomato;;;;;;;#FF6347
websafe;lightcoral;;;;;;;#F08080
websafe;orangered;;;;;;;#FF4500
websafe;navajowhite;;;;;;;#FFDEAD
websafe;lime;;;;;;;#00FF00
websafe;palegreen;;;;;;;#98FB98
websafe;slategrey;;;;;;;#708090
websafe;greenyellow;;;;;;;#ADFF2F
websafe;burlywood;;;;;;;#DEB887
websafe;seashell;;;;;;;#FFF5EE
websafe;mediumspringgreen;;;;;;;#00FA9A
websafe;papayawhip;;;;;;;#FFEFD5
websafe;blanchedalmond;;;;;;;#FFEBCD
websafe;chartreuse;;;;;;;#7FFF00
websafe;dimgray;;;;;;;#696969
websafe;black;;;;;;;#000000
websafe;peachpuff;;;;;;;#FFDAB9
websafe;springgreen;;;;;;;#00FF7F
websafe;aquamarine;;;;;;;#7FFFD4
websafe;white;;;;;;;#FFFFFF
websafe;orange;;;;;;;#FFA500
websafe;lightsalmon;;;;;;;#FFA07A
websafe;darkslategray;;;;;;;#2F4F4F
websafe;brown;;;;;;;#A52A2A
websafe;ivory;;;;;;;#FFFFF0
websafe;dodgerblue;;;;;;;#1E90FF
websafe;peru;;;;;;;#CD853F
websafe;lawngreen;;;;;;;#7CFC00
websafe;chocolate;;;;;;;#D2691E
websafe;crimson;;;;;;;#DC143C
websafe;olivedrab;;;;;;;#6B8E23
websafe;forestgreen;;;;;;;#228B22
websafe;darkgrey;;;;;;;#A9A9A9
websafe;olive;;;;;;;#808000
websafe;cyan;;;;;;;#00FFFF
websafe;mintcream;;;;;;;#F5FFFA
websafe;silver;;;;;;;#C0C0C0
websafe;antiquewhite;;;;;;;#FAEBD7
websafe;mediumorchid;;;;;;;#BA55D3
websafe;skyblue;;;;;;;#87CEEB
websafe;gray;;;;;;;#808080
websafe;darkturquoise;;;;;;;#00CED1
websafe;darkorange;;;;;;;#FF8C00
websafe;darkgreen;;;;;;;#006400
websafe;floralwhite;;;;;;;#FFFAF0
websafe;darkviolet;;;;;;;#9400D3
websafe;darkgray;;;;;;;#A9A9A9
websafe;moccasin;;;;;;;#FFE4B5
websafe;saddlebrown;;;;;;;#8B4513
websafe;grey;;;;;;;#808080
websafe;darkslateblue;;;;;;;#483D8B
websafe;lightskyblue;;;;;;;#87CEFA
websafe;lightpink;;;;;;;#FFB6C1
websafe;mediumvioletred;;;;;;;#C71585
websafe;goldenrod;;;;;;;#DAA520
websafe;paleturquoise;;;;;;;#AFEEEE
websafe;teal;;;;;;;#008080
websafe;limegreen;;;;;;;#32CD32
websafe;darkmagenta;;;;;;;#8B008B
websafe;palegoldenrod;;;;;;;#EEE8AA
websafe;plum;;;;;;;#DDA0DD
websafe;turquoise;;;;;;;#40E0D0
websafe;lightgrey;;;;;;;#D3D3D3
websafe;lightgoldenrodyellow;;;;;;;#FAFAD2
websafe;darkgoldenrod;;;;;;;#B8860B
websafe;lavender;;;;;;;#E6E6FA
websafe;maroon;;;;;;;#800000
websafe;yellowgreen;;;;;;;#9ACD32
websafe;sandybrown;;;;;;;#F4A460
websafe;thistle;;;;;;;#D8BFD8
websafe;violet;;;;;;;#EE82EE
websafe;navy;;;;;;;#000080
websafe;magenta;;;;;;;#FF00FF
websafe;dimgrey;;;;;;;#696969
websafe;tan;;;;;;;#D2B48C
websafe;rosybrown;;;;;;;#BC8F8F
websafe;lightseagreen;;;;;;;#20B2AA
websafe;blue;;;;;;;#0000FF
websafe;lightblue;;;;;;;#ADD8E6
websafe;ghostwhite;;;;;;;#F8F8FF
websafe;honeydew;;;;;;;#F0FFF0
websafe;cornflowerblue;;;;;;;#6495ED
websafe;slateblue;;;;;;;#6A5ACD
websafe;linen;;;;;;;#FAF0E6
websafe;purple;;;;;;;#800080
websafe;powderblue;;;;;;;#B0E0E6
websafe;seagreen;;;;;;;#2E8B57
websafe;darkkhaki;;;;;;;#BDB76B
websafe;snow;;;;;;;#FFFAFA
websafe;sienna;;;;;;;#A0522D
websafe;mediumblue;;;;;;;#0000CD
websafe;royalblue;;;;;;;#4169E1
websafe;lightcyan;;;;;;;#E0FFFF
websafe;darksalmon;;;;;;;#E9967A
websafe;mediumpurple;;;;;;;#9370D8
websafe;midnightblue;;;;;;;#191970
websafe;cornsilk;;;;;;;#FFF8DC
websafe;red;;;;;;;#FF0000
websafe;bisque;;;;;;;#FFE4C4
websafe;slategray;;;;;;;#708090
websafe;darkcyan;;;;;;;#008B8B
websafe;khaki;;;;;;;#F0E68C
websafe;wheat;;;;;;;#F5DEB3
websafe;deeppink;;;;;;;#FF1493
websafe;darkorchid;;;;;;;#9932CC
websafe;deepskyblue;;;;;;;#00BFFF
websafe;salmon;;;;;;;#FA8072
websafe;darkred;;;;;;;#8B0000
websafe;steelblue;;;;;;;#4682B4
websafe;palevioletred;;;;;;;#D87093
websafe;lightslategray;;;;;;;#778899
websafe;aliceblue;;;;;;;#F0F8FF
websafe;lightslategrey;;;;;;;#778899
websafe;lightgreen;;;;;;;#90EE90
websafe;orchid;;;;;;;#DA70D6
websafe;gainsboro;;;;;;;#DCDCDC
websafe;mediumseagreen;;;;;;;#3CB371
websafe;lightgray;;;;;;;#D3D3D3
websafe;mediumturquoise;;;;;;;#48D1CC
websafe;lemonchiffon;;;;;;;#FFFACD
websafe;cadetblue;;;;;;;#5F9EA0
websafe;lightyellow;;;;;;;#FFFFE0
websafe;lavenderblush;;;;;;;#FFF0F5
websafe;coral;;;;;;;#FF7F50
websafe;whitesmoke;;;;;;;#F5F5F5
websafe;mediumslateblue;;;;;;;#7B68EE
websafe;darkblue;;;;;;;#00008B
websafe;mediumaquamarine;;;;;;;#66CDAA
websafe;green;;;;;;;#008000
websafe;beige;;;;;;;#F5F5DC
websafe;blueviolet;;;;;;;#8A2BE2
websafe;azure;;;;;;;#F0FFFF
websafe;lightsteelblue;;;;;;;#B0C4DE
websafe;oldlace;;;;;;;#FDF5E6
